canonical_name,aliases,region,subregion,cuisine,food_type,vegetarian,vegan,egg_based,poultry_based,red_meat_based,legume_based,fish_based,dairy_based,nut_based,typical_ingredients,cooking_method,nutrition_source_strategy
Chicken Karahi,"chicken karahi;murgh karahi;karahi chicken",Pakistan,Punjab/Pakistan,Pakistani,chicken curry,false,false,false,true,false,false,false,false,false,"chicken;tomato;ginger;garlic;oil;spices",cooked,recipe decomposition + Pakistan food composition
Mutton Karahi,"mutton karahi;gosht karahi",Pakistan,Punjab/Pakistan,Pakistani,mutton curry,false,false,false,false,true,false,false,false,false,"mutton;tomato;ginger;garlic;oil;spices",cooked,recipe decomposition + Pakistan food composition
Beef Nihari,"nihari;beef nihari",Pakistan,Punjab/Sindh,Pakistani,beef stew,false,false,false,false,true,false,false,false,false,"beef;flour;oil;spices",slow cooked,recipe decomposition + Pakistan food composition
Haleem,"haleem;daal haleem",Pakistan,Pakistan,Pakistani,legume meat stew,false,false,false,true,true,true,false,false,false,"wheat;barley;lentils;chana dal;meat;ghee;spices",slow cooked,recipe decomposition + Pakistan food composition
Chicken Biryani,"chicken biryani;murgh biryani",Pakistan,Pakistan,Pakistani,rice dish,false,false,false,true,false,false,false,false,false,"basmati rice;chicken;oil;onion;yogurt;spices",layered cooked rice,recipe decomposition + Pakistan/IFCT ingredients
Mutton Biryani,"mutton biryani;gosht biryani",Pakistan,Pakistan,Pakistani,rice dish,false,false,false,false,true,false,false,false,false,"basmati rice;mutton;oil;onion;yogurt;spices",layered cooked rice,recipe decomposition + Pakistan/IFCT ingredients
Beef Biryani,"beef biryani",Pakistan,Sindh/Pakistan,Pakistani,rice dish,false,false,false,false,true,false,false,false,false,"basmati rice;beef;oil;onion;spices",layered cooked rice,recipe decomposition + Pakistan food composition
Chicken Pulao,"chicken pulao;murgh pulao",Pakistan,Pakistan,Pakistani,rice dish,false,false,false,true,false,false,false,false,false,"rice;chicken;oil;spices",cooked,recipe decomposition + Pakistan/IFCT ingredients
Daal Chana,"dal chana;daal chana;chana dal",Pakistan,Pakistan,Pakistani,legume curry,true,true,false,false,false,true,false,false,false,"split chickpeas;onion;tomato;oil;spices",cooked,Pakistan food composition
Daal Mash,"dal mash;daal mash;urad dal",Pakistan,Pakistan,Pakistani,legume curry,true,true,false,false,false,true,false,false,false,"urad dal;onion;tomato;oil;spices",cooked,Pakistan food composition
Rajma,"rajma;rajma curry;kidney bean curry",Pakistan/India,Punjab/North India,South Asian,legume curry,true,true,false,false,false,true,false,false,false,"kidney beans;tomato;onion;spices",cooked,Pakistan/IFCT food composition
Chana,"chana;chickpeas;cholay",Pakistan/India,Pakistan/North India,South Asian,legume dish,true,true,false,false,false,true,false,false,false,"chickpeas;spices;onion",boiled/cooked,Pakistan/IFCT food composition
Aloo Gosht,"aloo gosht;aloo ghost",Pakistan,Punjab/Pakistan,Pakistani,meat curry,false,false,false,false,true,false,false,false,false,"meat;potato;tomato;oil;spices",cooked,recipe decomposition + Pakistan food composition
Keema,"qeema;keema;minced meat",Pakistan,Pakistan,Pakistani,minced meat,false,false,false,false,true,false,false,false,false,"minced meat;onion;tomato;oil;spices",cooked,recipe decomposition + Pakistan food composition
Chapati,"chapati;roti;atta roti",Pakistan/India,Pakistan/North India,South Asian,flatbread,true,true,false,false,false,false,false,false,false,"whole wheat flour;water",griddled,IFCT + generic ingredient composition
Naan,"naan;naan bread",Pakistan/India,Pakistan/North India,South Asian,flatbread,true,false,false,false,false,false,false,true,false,"refined flour;yogurt;oil/ghee",tandoor baked,IFCT + recipe composition
Paratha,"paratha;plain paratha",Pakistan/India,Pakistan/North India,South Asian,flatbread,true,false,false,false,false,false,false,false,false,"whole wheat/refined flour;oil/ghee",griddled,IFCT + recipe composition
Aloo Paratha,"aloo paratha;potato paratha",Pakistan/India,Punjab/North India,South Asian,stuffed flatbread,true,false,false,false,false,false,false,false,false,"wheat flour;potato;oil/ghee",griddled,IFCT + recipe composition
Samosa,"samosa;sambosa",Pakistan/India,Pakistan/North India,South Asian,fried pastry,true,false,false,false,false,false,false,false,false,"flour;potato/peas;oil",fried,IFCT + recipe composition
Pakora,"pakora;pakora fritter",Pakistan/India,Pakistan/North India,South Asian,fritter,true,true,false,false,false,true,false,false,false,"gram flour;vegetables;oil",fried,IFCT + recipe composition
Dahi Bhallay,"dahi bhallay;dahi baray",Pakistan,North India/Pakistan,South Asian,yogurt legume dish,true,false,false,false,false,true,false,true,false,"urad/moong dal;yogurt;chutney",fried/served cold,IFCT + recipe composition
Lassi,"lassi;salted lassi;sweet lassi",Pakistan/India,Punjab,Punjabi,dairy drink,true,false,false,false,false,false,false,true,false,"yogurt;water;optional sugar",blended,food-composition source + recipe
Kheer,"kheer;rice kheer",Pakistan/India,Pakistan/North India,South Asian,rice pudding,true,false,false,false,false,false,false,true,true,"rice;milk;sugar;nuts",simmered,IFCT + recipe composition
Idli,"idli;idly",India,South India,South Indian,steamed rice-lentil cake,true,true,false,false,false,true,false,false,false,"rice;urad dal",fermented/steamed,IFCT + recipe composition
Dosa,"dosa;dosai",India,South India,South Indian,fermented crepe,true,true,false,false,false,true,false,false,false,"rice;urad dal;oil",fermented/griddled,IFCT + recipe composition
Masala Dosa,"masala dosa;masala dosai",India,South India,South Indian,stuffed crepe,true,true,false,false,false,false,false,false,false,"rice;urad dal;potato;oil",fermented/griddled,IFCT + recipe composition
Rava Dosa,"rava dosa;sooji dosa",India,South India,South Indian,semolina crepe,true,true,false,false,false,false,false,false,false,"semolina;rice flour;spices;oil",griddled,IFCT + recipe composition
Sambar,"sambar",India,South India,South Indian,lentil vegetable stew,true,true,false,false,false,true,false,false,false,"toor dal;vegetables;tamarind;spices",boiled,IFCT + recipe composition
Rasam,"rasam",India,South India,South Indian,spiced soup,true,true,false,false,false,false,false,false,false,"tomato/tamarind;spices;optional dal",boiled,IFCT + recipe composition
Ven Pongal,"ven pongal;khara pongal",India,Tamil Nadu,South Indian,rice-lentil dish,true,false,false,false,false,false,false,true,true,"rice;moong dal;ghee;spices",cooked,IFCT + recipe composition
Upma,"upma;rava upma;uppuma",India,South India,South Indian,semolina dish,true,true,false,false,false,false,false,false,false,"semolina;vegetables;oil",cooked,IFCT + recipe composition
Puttu,"puttu",India,Kerala,South Indian,steamed rice dish,true,true,false,false,false,false,false,false,false,"rice flour;coconut",steamed,IFCT + recipe composition
Appam,"appam;appa",India,Kerala/South India,South Indian,fermented rice pancake,true,true,false,false,false,false,false,false,false,"rice;coconut",fermented/cooked,IFCT + recipe composition
Kerala Parotta,"kerala parotta;malabar parotta",India,Kerala,South Indian,layered flatbread,true,true,false,false,false,false,false,false,false,"refined flour;oil",griddled,recipe-aware estimate
Chicken Chettinad,"chicken chettinad;chettinad chicken",India,Tamil Nadu,South Indian,chicken curry,false,false,false,true,false,false,false,false,true,"chicken;spices;oil;optional coconut",cooked,recipe decomposition + IFCT ingredients
Chicken 65,"chicken 65",India,Tamil Nadu,South Indian,fried chicken,false,false,false,true,false,false,false,false,false,"chicken;flour;oil;spices",fried,recipe decomposition
Hyderabadi Chicken Biryani,"hyderabadi chicken biryani;hyderabad chicken biryani",India,Telangana,South Indian,rice dish,false,false,false,true,false,false,false,false,true,"basmati rice;chicken;oil;onion;yogurt;spices",layered cooked rice,recipe decomposition + regional sources
Kerala Fish Curry,"kerala fish curry;meen curry;meen kulambu",India,Kerala/Tamil Nadu,South Indian,fish curry,false,false,false,false,false,false,true,false,false,"fish;coconut/tamarind;spices;oil",cooked,recipe decomposition + IFCT ingredients
Palak Paneer,"palak paneer",India,North India,Indian,vegetarian curry,true,false,false,false,false,false,false,true,true,"spinach;paneer;oil;spices",cooked,food-composition source + recipe decomposition
Rajma Masala,"rajma masala",India,North India,Indian,legume curry,true,true,false,false,false,true,false,false,false,"kidney beans;tomato;onion;spices",cooked,food-composition source
Chana Masala,"chana masala;chole",India,North India,Indian,legume curry,true,true,false,false,false,true,false,false,false,"chickpeas;tomato;onion;spices",cooked,food-composition source
Mango,"aam;mango",South Asia,Pakistan/India,South Asian,fruit,true,true,false,false,false,false,false,false,false,mango,raw,regional food-composition source when applicable
Guava,"amrood;guava",South Asia,Pakistan/India,South Asian,fruit,true,true,false,false,false,false,false,false,false,guava,raw,regional food-composition source when applicable
Pomegranate,"anar;pomegranate",South Asia,Pakistan/India,South Asian,fruit,true,true,false,false,false,false,false,false,false,pomegranate,raw,regional food-composition source when applicable
Dates,"khajoor;dates",South Asia,Pakistan/India,South Asian,fruit,true,true,false,false,false,false,false,false,false,dates,raw,food-composition source
